t,loss_pct,delay_ms,jitter_ms,dup_pct,rate_limit_mbps
1756688319.953,0.0,0.0,0.0,0.0,0.0
1756688320.053,0.0,0.0,0.0,0.0,0.0
1756688320.153,0.0,0.0,0.0,0.0,0.0
1756688320.253,0.0,0.0,0.0,0.0,0.0
1756688320.353,0.0,0.0,0.0,0.0,0.0
1756688320.453,0.0,0.0,0.0,0.0,0.0
1756688320.552999,0.0,0.0,0.0,0.0,0.0
1756688320.652999,0.0,0.0,0.0,0.0,0.0
1756688320.752999,0.0,0.0,0.0,0.0,0.0
1756688320.852999,0.0,0.0,0.0,0.0,0.0
1756688320.952999,0.0,0.0,0.0,0.0,0.0
1756688321.052999,0.0,0.0,0.0,0.0,0.0
1756688321.152999,0.0,0.0,0.0,0.0,0.0
1756688321.252999,0.0,0.0,0.0,0.0,0.0
1756688321.352999,0.0,0.0,0.0,0.0,0.0
1756688321.452999,0.0,0.0,0.0,0.0,0.0
1756688321.552999,0.0,0.0,0.0,0.0,0.0
1756688321.652998,0.0,0.0,0.0,0.0,0.0
1756688321.752998,0.0,0.0,0.0,0.0,0.0
1756688321.852998,0.0,0.0,0.0,0.0,0.0
1756688321.952998,0.0,0.0,0.0,0.0,0.0
1756688322.052998,0.0,0.0,0.0,0.0,0.0
1756688322.152998,0.0,0.0,0.0,0.0,0.0
1756688322.252998,0.0,0.0,0.0,0.0,0.0
1756688322.352998,0.0,0.0,0.0,0.0,0.0
1756688322.452998,0.0,0.0,0.0,0.0,0.0
1756688322.552998,0.0,0.0,0.0,0.0,0.0
1756688322.652997,0.0,0.0,0.0,0.0,0.0
1756688322.752997,0.0,0.0,0.0,0.0,0.0
1756688322.852997,0.0,0.0,0.0,0.0,0.0
1756688322.952997,0.0,0.0,0.0,0.0,0.0
1756688323.052997,0.0,0.0,0.0,0.0,0.0
1756688323.152997,0.0,0.0,0.0,0.0,0.0
1756688323.252997,0.0,0.0,0.0,0.0,0.0
1756688323.352997,0.0,0.0,0.0,0.0,0.0
1756688323.452997,0.0,0.0,0.0,0.0,0.0
1756688323.552997,0.0,0.0,0.0,0.0,0.0
1756688323.652997,0.0,0.0,0.0,0.0,0.0
1756688323.752996,0.0,0.0,0.0,0.0,0.0
1756688323.852996,0.0,0.0,0.0,0.0,0.0
1756688323.952996,0.0,0.0,0.0,0.0,0.0
1756688324.052996,0.0,0.0,0.0,0.0,0.0
1756688324.152996,0.0,0.0,0.0,0.0,0.0
1756688324.252996,0.0,0.0,0.0,0.0,0.0
1756688324.352996,0.0,0.0,0.0,0.0,0.0
1756688324.452996,0.0,0.0,0.0,0.0,0.0
1756688324.552996,1.0,5.0,2.0,0.0,0.0
1756688324.652996,0.0,0.0,0.0,0.0,0.0
1756688324.752995,0.0,0.0,0.0,0.0,0.0
1756688324.852995,0.0,0.0,0.0,0.0,0.0
1756688324.952995,0.0,0.0,0.0,0.0,0.0
1756688325.052995,0.0,0.0,0.0,0.0,0.0
1756688325.152995,0.0,0.0,0.0,0.0,0.0
1756688325.252995,0.0,0.0,0.0,0.0,0.0
1756688325.352995,0.0,0.0,0.0,0.0,0.0
1756688325.452995,0.0,0.0,0.0,0.0,0.0
1756688325.552995,0.0,0.0,0.0,0.0,0.0
1756688325.652995,0.0,0.0,0.0,0.0,0.0
1756688325.752995,0.0,0.0,0.0,0.0,0.0
1756688325.852994,0.0,0.0,0.0,0.0,0.0
1756688325.952994,0.0,0.0,0.0,0.0,0.0
1756688326.052994,0.0,0.0,0.0,0.0,0.0
1756688326.152994,0.0,0.0,0.0,0.0,0.0
1756688326.252994,0.0,0.0,0.0,0.0,0.0
1756688326.352994,0.0,0.0,0.0,0.0,0.0
1756688326.452994,0.0,0.0,0.0,0.0,0.0
1756688326.552994,0.0,0.0,0.0,0.0,0.0
1756688326.652994,0.0,0.0,0.0,0.0,0.0
1756688326.752994,0.0,0.0,0.0,0.0,0.0
1756688326.852993,0.0,0.0,0.0,0.0,0.0
1756688326.952993,0.0,0.0,0.0,0.0,0.0
1756688327.052993,0.0,0.0,0.0,0.0,0.0
1756688327.152993,0.0,0.0,0.0,0.0,0.0
1756688327.252993,0.0,0.0,0.0,0.0,0.0
1756688327.352993,0.0,0.0,0.0,0.0,0.0
1756688327.452993,0.0,0.0,0.0,0.0,0.0
1756688327.552993,0.0,0.0,0.0,0.0,0.0
1756688327.652993,0.0,0.0,0.0,0.0,0.0
1756688327.752993,0.0,0.0,0.0,0.0,0.0
1756688327.852993,0.0,0.0,0.0,0.0,0.0
1756688327.952992,0.0,0.0,0.0,0.0,0.0
1756688328.052992,0.0,0.0,0.0,0.0,0.0
1756688328.152992,0.0,0.0,0.0,0.0,0.0
1756688328.252992,0.0,0.0,0.0,0.0,0.0
1756688328.352992,0.0,0.0,0.0,0.0,0.0
1756688328.452992,0.0,0.0,0.0,0.0,0.0
1756688328.552992,0.0,0.0,0.0,0.0,0.0
1756688328.652992,0.0,0.0,0.0,0.0,0.0
1756688328.752992,0.0,0.0,0.0,0.0,0.0
1756688328.852992,0.0,0.0,0.0,0.0,0.0
1756688328.952991,0.0,0.0,0.0,0.0,0.0
1756688329.052991,0.0,0.0,0.0,0.0,0.0
1756688329.152991,0.0,0.0,0.0,0.0,0.0
1756688329.252991,0.0,0.0,0.0,0.0,0.0
1756688329.352991,0.0,0.0,0.0,0.0,0.0
1756688329.452991,0.0,0.0,0.0,0.0,0.0
1756688329.552991,0.0,0.0,0.0,0.0,0.0
1756688329.652991,0.0,0.0,0.0,0.0,0.0
1756688329.752991,0.0,0.0,0.0,0.0,0.0
1756688329.852991,0.0,0.0,0.0,0.0,0.0
1756688329.952991,0.0,0.0,0.0,0.0,0.0
1756688330.05299,0.0,0.0,6.0,0.0,0.0
1756688330.15299,4.0,2.0,2.0,0.0,0.0
1756688330.25299,4.0,2.0,2.0,0.0,0.0
1756688330.35299,4.0,2.0,2.0,0.0,0.0
1756688330.45299,4.0,2.0,2.0,0.0,0.0
1756688330.55299,4.0,2.0,2.0,0.0,0.0
1756688330.65299,4.0,2.0,2.0,0.0,0.0
1756688330.75299,4.0,2.0,2.0,0.0,0.0
1756688330.85299,4.0,2.0,2.0,0.0,0.0
1756688330.95299,4.0,2.0,2.0,0.0,0.0
1756688331.052989,4.0,2.0,2.0,0.0,0.0
1756688331.152989,4.0,2.0,2.0,0.0,0.0
1756688331.252989,4.0,2.0,2.0,0.0,0.0
1756688331.352989,4.0,2.0,2.0,0.0,0.0
1756688331.452989,4.0,2.0,2.0,0.0,0.0
1756688331.552989,4.0,2.0,2.0,0.0,0.0
1756688331.652989,4.0,2.0,2.0,0.0,0.0
1756688331.752989,4.0,2.0,2.0,0.0,0.0
1756688331.852989,4.0,2.0,2.0,0.0,0.0
1756688331.952989,4.0,2.0,2.0,0.0,0.0
1756688332.052989,4.0,2.0,2.0,0.0,0.0
1756688332.152988,3.884024143218994,1.942012071609497,1.942012071609497,0.0,0.0
1756688332.252988,3.684023857116699,1.8420119285583496,1.8420119285583496,0.0,0.0
1756688332.352988,3.4840240478515625,1.7420120239257812,1.7420120239257812,0.0,0.0
1756688332.452988,3.284024238586426,1.642012119293213,1.642012119293213,0.0,0.0
1756688332.552988,3.084023952484131,1.5420119762420654,1.5420119762420654,0.0,0.0
1756688332.652988,2.884024143218994,1.442012071609497,1.442012071609497,0.0,0.0
1756688332.752988,2.684023857116699,1.3420119285583496,1.3420119285583496,0.0,0.0
1756688332.852988,2.4840240478515625,1.2420120239257812,1.2420120239257812,0.0,0.0
1756688332.952988,2.284024238586426,1.142012119293213,1.142012119293213,0.0,0.0
1756688333.052988,2.084023952484131,1.0420119762420654,1.0420119762420654,0.0,0.0
1756688333.152987,1.884026050567627,0.9420130252838135,0.9420130252838135,0.0,0.0
1756688333.252987,1.6840262413024902,0.8420131206512451,0.8420131206512451,0.0,0.0
1756688333.352987,1.4840259552001953,0.7420129776000977,0.7420129776000977,0.0,0.0
1756688333.452987,1.2840261459350586,0.6420130729675293,0.6420130729675293,0.0,0.0
1756688333.552987,1.0840258598327637,0.5420129299163818,0.5420129299163818,0.0,0.0
1756688333.652987,0.884026050567627,0.4420130252838135,0.4420130252838135,0.0,0.0
1756688333.752987,0.6840262413024902,0.3420131206512451,0.3420131206512451,0.0,0.0
1756688333.852987,0.4840259552001953,0.24201297760009766,0.24201297760009766,0.0,0.0
1756688333.952987,0.2840261459350586,0.1420130729675293,0.1420130729675293,0.0,0.0
1756688334.052987,0.08402585983276367,0.042012929916381836,0.042012929916381836,0.0,0.0
1756688334.152987,0.0,0.0,0.0,0.0,0.0
1756688334.252986,0.0,0.0,0.0,0.0,0.0
1756688334.352986,0.0,0.0,0.0,0.0,0.0
1756688334.452986,0.0,0.0,0.0,0.0,0.0
1756688334.552986,0.0,0.0,0.0,0.0,0.0
1756688334.652986,0.0,0.0,0.0,0.0,0.0
1756688334.752986,0.0,0.0,0.0,0.0,0.0
1756688334.852986,0.0,0.0,0.0,0.0,0.0
1756688334.952986,0.0,0.0,0.0,0.0,0.0
1756688335.052986,0.0,0.0,0.0,0.0,0.0
1756688335.152986,0.0,0.0,0.0,0.0,0.0
1756688335.252985,0.0,0.0,0.0,0.0,0.0
1756688335.352985,0.0,0.0,0.0,0.0,0.0
1756688335.452985,0.0,0.0,0.0,0.0,0.0
1756688335.552985,0.0,0.0,0.0,0.0,0.0
1756688335.652985,0.0,0.0,0.0,0.0,0.0
1756688335.752985,0.0,0.0,0.0,0.0,0.0
1756688335.852985,0.0,0.0,0.0,0.0,0.0
1756688335.952985,0.0,0.0,0.0,0.0,0.0
1756688336.052985,0.0,0.0,0.0,0.0,0.0
1756688336.152985,0.0,0.0,0.0,0.0,0.0
1756688336.252985,0.0,0.0,0.0,0.0,0.0
1756688336.352984,0.0,0.0,0.0,0.0,0.0
1756688336.452984,0.0,0.0,0.0,0.0,0.0
1756688336.552984,0.0,0.0,0.0,0.0,0.0
1756688336.652984,0.0,0.0,0.0,0.0,0.0
1756688336.752984,0.0,0.0,0.0,0.0,0.0
1756688336.852984,0.0,0.0,0.0,0.0,0.0
1756688336.952984,0.0,0.0,0.0,0.0,0.0
1756688337.052984,0.0,0.0,0.0,0.0,0.0
1756688337.152984,0.0,0.0,0.0,0.0,0.0
1756688337.252984,0.0,0.0,0.0,0.0,0.0
1756688337.352983,0.0,0.0,0.0,0.0,0.0
1756688337.452983,0.0,0.0,0.0,0.0,0.0
1756688337.552983,0.0,0.0,0.0,0.0,0.0
1756688337.652983,0.0,0.0,0.0,0.0,0.0
1756688337.752983,0.0,0.0,0.0,0.0,0.0
1756688337.852983,0.0,0.0,0.0,0.0,0.0
1756688337.952983,0.0,0.0,0.0,0.0,0.0
1756688338.052983,0.0,0.0,0.0,0.0,0.0
1756688338.152983,0.0,0.0,0.0,0.0,0.0
1756688338.252983,0.0,0.0,0.0,0.0,0.0
1756688338.352983,0.0,0.0,0.0,0.0,0.0
1756688338.452982,0.0,0.0,0.0,0.0,0.0
1756688338.552982,0.0,0.0,0.0,0.0,0.0
1756688338.652982,0.0,0.0,0.0,0.0,0.0
1756688338.752982,0.0,0.0,0.0,0.0,0.0
1756688338.852982,0.0,0.0,0.0,0.0,0.0
1756688338.952982,0.0,0.0,0.0,0.0,0.0
1756688339.052982,0.0,0.0,0.0,0.0,0.0
1756688339.152982,0.0,0.0,0.0,0.0,0.0
1756688339.252982,0.0,0.0,0.0,0.0,0.0
1756688339.352982,0.0,0.0,0.0,0.0,0.0
1756688339.452981,0.0,0.0,0.0,0.0,0.0
1756688339.552981,0.0,0.0,0.0,0.0,0.0
1756688339.652981,0.0,0.0,0.0,0.0,0.0
1756688339.752981,0.0,0.0,0.0,0.0,0.0
1756688339.852981,0.0,0.0,0.0,0.0,0.0
1756688339.952981,0.0,0.0,0.0,0.0,0.0
1756688340.052981,0.0,0.0,0.0,0.0,0.0
1756688340.152981,0.0,0.0,0.0,0.0,0.0
1756688340.252981,0.0,0.0,0.0,0.0,0.0
1756688340.352981,0.0,0.0,0.0,0.0,0.0
1756688340.452981,0.0,0.0,0.0,0.0,0.0
1756688340.55298,0.0,0.0,0.0,0.0,0.0
1756688340.65298,0.0,0.0,0.0,0.0,0.0
1756688340.75298,0.0,0.0,0.0,0.0,0.0
1756688340.85298,0.0,0.0,0.0,0.0,0.0
1756688340.95298,0.0,0.0,0.0,0.0,0.0
1756688341.05298,0.0,0.0,0.0,0.0,0.0
1756688341.15298,0.0,0.0,0.0,0.0,0.0
1756688341.25298,0.0,0.0,0.0,0.0,0.0
1756688341.35298,0.0,0.0,0.0,0.0,0.0
1756688341.45298,0.0,0.0,0.0,0.0,0.0
1756688341.552979,0.0,0.0,0.0,0.0,0.0
1756688341.652979,0.0,0.0,0.0,0.0,0.0
1756688341.752979,0.0,0.0,0.0,0.0,0.0
1756688341.852979,0.0,0.0,0.0,0.0,0.0
1756688341.952979,0.0,0.0,0.0,0.0,0.0
1756688342.052979,0.0,0.0,0.0,0.0,0.0
1756688342.152979,0.0,0.0,0.0,0.0,0.0
1756688342.252979,0.0,0.0,0.0,0.0,0.0
1756688342.352979,0.0,0.0,0.0,0.0,0.0
1756688342.452979,0.0,0.0,0.0,0.0,0.0
1756688342.552979,0.0,0.0,0.0,0.0,0.0
1756688342.652978,0.0,0.0,0.0,0.0,0.0
1756688342.752978,0.0,0.0,0.0,0.0,0.0
1756688342.852978,0.0,0.0,0.0,0.0,0.0
1756688342.952978,0.0,0.0,0.0,0.0,0.0
1756688343.052978,0.0,0.0,0.0,0.0,0.0
1756688343.152978,0.0,0.0,0.0,0.0,0.0
1756688343.252978,0.0,0.0,0.0,0.0,0.0
1756688343.352978,0.0,0.0,0.0,0.0,0.0
1756688343.452978,0.0,0.0,0.0,0.0,0.0
1756688343.552978,0.0,0.0,0.0,0.0,0.0
1756688343.652977,0.0,0.0,0.0,0.0,0.0
1756688343.752977,0.0,0.0,0.0,0.0,0.0
1756688343.852977,0.0,0.0,0.0,0.0,0.0
1756688343.952977,0.0,0.0,0.0,0.0,0.0
1756688344.052977,0.0,0.0,0.0,0.0,0.0
1756688344.152977,0.0,0.0,0.0,0.0,0.0
1756688344.252977,0.0,0.0,0.0,0.0,0.0
1756688344.352977,0.0,0.0,0.0,0.0,0.0
1756688344.452977,0.0,0.0,0.0,0.0,0.0
1756688344.552977,0.0,0.0,0.0,0.0,0.0
1756688344.652977,0.0,0.0,0.0,0.0,0.0
1756688344.752976,0.0,0.0,0.0,0.0,0.0
1756688344.852976,0.0,0.0,0.0,0.0,0.0
1756688344.952976,0.0,0.0,0.0,0.0,0.0
1756688345.052976,0.0,0.0,0.0,0.0,0.0
1756688345.152976,0.0,0.0,0.0,0.0,0.0
1756688345.252976,0.0,0.0,0.0,0.0,0.0
1756688345.352976,0.0,0.0,0.0,0.0,0.0
1756688345.452976,0.0,0.0,0.0,0.0,0.0
1756688345.552976,0.0,0.0,0.0,0.0,0.0
1756688345.652976,0.0,0.0,0.0,0.0,0.0
1756688345.752975,0.0,0.0,0.0,0.0,0.0
1756688345.852975,0.0,0.0,0.0,0.0,0.0
1756688345.952975,0.0,0.0,0.0,0.0,0.0
1756688346.052975,0.0,0.0,0.0,0.0,0.0
1756688346.152975,0.0,0.0,0.0,0.0,0.0
1756688346.252975,0.0,0.0,0.0,0.0,0.0
1756688346.352975,0.0,0.0,0.0,0.0,0.0
1756688346.452975,0.0,0.0,0.0,0.0,0.0
1756688346.552975,0.0,0.0,0.0,0.0,0.0
1756688346.652975,0.0,0.0,0.0,0.0,0.0
1756688346.752975,0.0,0.0,0.0,0.0,0.0
1756688346.852974,0.0,0.0,0.0,0.0,0.0
1756688346.952974,0.0,0.0,0.0,0.0,0.0
1756688347.052974,0.0,0.0,0.0,0.0,0.0
1756688347.152974,0.0,0.0,0.0,0.0,0.0
1756688347.252974,0.0,0.0,0.0,0.0,0.0
1756688347.352974,0.0,0.0,0.0,0.0,0.0
1756688347.452974,0.0,0.0,0.0,0.0,0.0
1756688347.552974,0.0,0.0,0.0,0.0,0.0
1756688347.652974,0.0,0.0,0.0,0.0,0.0
1756688347.752974,0.0,0.0,0.0,0.0,0.0
1756688347.852973,0.0,0.0,0.0,0.0,0.0
1756688347.952973,0.0,0.0,0.0,0.0,0.0
1756688348.052973,0.0,0.0,0.0,0.0,0.0
1756688348.152973,0.0,0.0,0.0,0.0,0.0
1756688348.252973,0.0,0.0,0.0,0.0,0.0
1756688348.352973,0.0,0.0,0.0,0.0,0.0
1756688348.452973,0.0,0.0,0.0,0.0,0.0
1756688348.552973,0.0,0.0,0.0,0.0,0.0
1756688348.652973,0.0,0.0,0.0,0.0,0.0
1756688348.752973,0.0,0.0,0.0,0.0,0.0
1756688348.852973,0.0,0.0,0.0,0.0,0.0
1756688348.952972,0.0,0.0,0.0,0.0,0.0
1756688349.052972,0.0,0.0,0.0,0.0,0.0
1756688349.152972,0.0,0.0,0.0,0.0,0.0
1756688349.252972,0.0,0.0,0.0,0.0,0.0
1756688349.352972,0.0,0.0,0.0,0.0,0.0
1756688349.452972,0.0,0.0,0.0,0.0,0.0
1756688349.552972,0.0,0.0,0.0,0.0,0.0
1756688349.652972,0.0,0.0,0.0,0.0,0.0
1756688349.752972,0.0,0.0,0.0,0.0,0.0
1756688349.852972,0.0,0.0,0.0,0.0,0.0
1756688349.952971,0.0,0.0,0.0,0.0,0.0
1756688350.052971,0.0,0.0,0.0,0.0,0.0
1756688350.152971,0.0,0.0,0.0,0.0,0.0
1756688350.252971,0.0,0.0,0.0,0.0,0.0
1756688350.352971,0.0,0.0,0.0,0.0,0.0
1756688350.452971,0.0,0.0,0.0,0.0,0.0
1756688350.552971,0.0,0.0,0.0,0.0,0.0
1756688350.652971,0.0,0.0,0.0,0.0,0.0
1756688350.752971,0.0,0.0,0.0,0.0,0.0
1756688350.852971,0.0,0.0,0.0,0.0,0.0
1756688350.952971,0.0,0.0,0.0,0.0,0.0
1756688351.05297,0.0,0.0,0.0,0.0,0.0
1756688351.15297,0.0,0.0,0.0,0.0,0.0
1756688351.25297,0.0,0.0,0.0,0.0,0.0
1756688351.35297,0.0,0.0,0.0,0.0,0.0
1756688351.45297,0.0,0.0,0.0,0.0,0.0
1756688351.55297,0.0,0.0,0.0,0.0,0.0
1756688351.65297,0.0,0.0,0.0,0.0,0.0
1756688351.75297,0.0,0.0,0.0,0.0,0.0
1756688351.85297,0.0,0.0,0.0,0.0,0.0
1756688351.95297,0.0,0.0,0.0,0.0,0.0
1756688352.052969,0.0,0.0,0.0,0.0,0.0
1756688352.152969,0.0,0.0,0.0,0.0,0.0
1756688352.252969,0.0,0.0,0.0,0.0,0.0
1756688352.352969,0.0,0.0,0.0,0.0,0.0
1756688352.452969,0.0,0.0,0.0,0.0,0.0
1756688352.552969,0.0,0.0,0.0,0.0,0.0
1756688352.652969,0.0,0.0,0.0,0.0,0.0
1756688352.752969,0.0,0.0,0.0,0.0,0.0
1756688352.852969,0.0,0.0,0.0,0.0,0.0
1756688352.952969,0.0,0.0,0.0,0.0,0.0
1756688353.052969,0.0,0.0,0.0,0.0,0.0
1756688353.152968,0.0,0.0,0.0,0.0,0.0
1756688353.252968,0.0,0.0,0.0,0.0,0.0
1756688353.352968,0.0,0.0,0.0,0.0,0.0
1756688353.452968,0.0,0.0,0.0,0.0,0.0
1756688353.552968,0.0,0.0,0.0,0.0,0.0
1756688353.652968,0.0,0.0,0.0,0.0,0.0
1756688353.752968,0.0,0.0,0.0,0.0,0.0
1756688353.852968,0.0,0.0,0.0,0.0,0.0
1756688353.952968,0.0,0.0,0.0,0.0,0.0
1756688354.052968,0.0,0.0,0.0,0.0,0.0
1756688354.152967,0.0,0.0,0.0,0.0,0.0
1756688354.252967,0.0,0.0,0.0,0.0,0.0
1756688354.352967,0.0,0.0,0.0,0.0,0.0
1756688354.452967,0.0,0.0,0.0,0.0,0.0
1756688354.552967,0.0,0.0,0.0,0.0,0.0
1756688354.652967,0.0,0.0,0.0,0.0,0.0
1756688354.752967,0.0,0.0,0.0,0.0,0.0
1756688354.852967,0.0,0.0,0.0,0.0,0.0
1756688354.952967,0.0,0.0,0.0,0.0,0.0
1756688355.052967,0.0,0.0,0.0,0.0,0.0
1756688355.152966,0.0,0.0,0.0,0.0,0.0
1756688355.252966,0.0,0.0,0.0,0.0,0.0
1756688355.352966,0.0,0.0,0.0,0.0,0.0
1756688355.452966,0.0,0.0,0.0,0.0,0.0
1756688355.552966,0.0,0.0,0.0,0.0,0.0
1756688355.652966,0.0,0.0,0.0,0.0,0.0
1756688355.752966,0.0,0.0,0.0,0.0,0.0
1756688355.852966,0.0,0.0,0.0,0.0,0.0
1756688355.952966,0.0,0.0,0.0,0.0,0.0
1756688356.052966,0.0,0.0,0.0,0.0,0.0
1756688356.152966,0.0,0.0,0.0,0.0,0.0
1756688356.252965,0.0,0.0,0.0,0.0,0.0
1756688356.352965,0.0,0.0,0.0,0.0,0.0
1756688356.452965,0.0,0.0,0.0,0.0,0.0
1756688356.552965,0.0,0.0,0.0,0.0,0.0
1756688356.652965,0.0,0.0,0.0,0.0,0.0
1756688356.752965,0.0,0.0,0.0,0.0,0.0
1756688356.852965,0.0,0.0,0.0,0.0,0.0
1756688356.952965,0.0,0.0,0.0,0.0,0.0
1756688357.052965,0.0,0.0,0.0,0.0,0.0
1756688357.152965,0.0,0.0,0.0,0.0,0.0
1756688357.252964,0.0,0.0,0.0,0.0,0.0
1756688357.352964,0.0,0.0,0.0,0.0,0.0
1756688357.452964,0.0,0.0,0.0,0.0,0.0
1756688357.552964,0.0,0.0,0.0,0.0,0.0
1756688357.652964,0.0,0.0,0.0,0.0,0.0
1756688357.752964,0.0,0.0,0.0,0.0,0.0
1756688357.852964,0.0,0.0,0.0,0.0,0.0
1756688357.952964,0.0,0.0,0.0,0.0,0.0
1756688358.052964,0.0,0.0,0.0,0.0,0.0
1756688358.152964,0.0,0.0,0.0,0.0,0.0
1756688358.252964,0.0,0.0,0.0,0.0,0.0
1756688358.352963,0.0,0.0,0.0,0.0,0.0
1756688358.452963,0.0,0.0,0.0,0.0,0.0
1756688358.552963,0.0,0.0,0.0,0.0,0.0
1756688358.652963,0.0,0.0,0.0,0.0,0.0
1756688358.752963,0.0,0.0,0.0,0.0,0.0
1756688358.852963,0.0,0.0,0.0,0.0,0.0
1756688358.952963,0.0,0.0,0.0,0.0,0.0
1756688359.052963,0.0,0.0,0.0,0.0,0.0
1756688359.152963,0.0,0.0,0.0,0.0,0.0
1756688359.252963,0.0,0.0,0.0,0.0,0.0
1756688359.352962,0.0,0.0,0.0,0.0,0.0
1756688359.452962,0.0,0.0,0.0,0.0,0.0
1756688359.552962,0.0,0.0,0.0,0.0,0.0
1756688359.652962,0.0,0.0,0.0,0.0,0.0
1756688359.752962,0.0,0.0,0.0,0.0,0.0
1756688359.852962,0.0,0.0,0.0,0.0,0.0
1756688359.952962,0.0,0.0,0.0,0.0,0.0
1756688360.052962,0.0,0.0,0.0,0.0,0.0
1756688360.152962,0.0,0.0,0.0,0.0,0.0
1756688360.252962,0.0,0.0,0.0,0.0,0.0
1756688360.352962,0.0,0.0,0.0,0.0,0.0
1756688360.452961,0.0,0.0,0.0,0.0,0.0
1756688360.552961,0.0,0.0,0.0,0.0,0.0
1756688360.652961,0.0,0.0,0.0,0.0,0.0
1756688360.752961,0.0,0.0,0.0,0.0,0.0
1756688360.852961,0.0,0.0,0.0,0.0,0.0
1756688360.952961,0.0,0.0,0.0,0.0,0.0
1756688361.052961,0.0,0.0,0.0,0.0,0.0
1756688361.152961,0.0,0.0,0.0,0.0,0.0
1756688361.252961,0.0,0.0,0.0,0.0,0.0
1756688361.352961,0.0,0.0,0.0,0.0,0.0
1756688361.45296,0.0,0.0,0.0,0.0,0.0
1756688361.55296,0.0,0.0,0.0,0.0,0.0
1756688361.65296,0.0,0.0,0.0,0.0,0.0
1756688361.75296,0.0,0.0,0.0,0.0,0.0
1756688361.85296,0.0,0.0,0.0,0.0,0.0
1756688361.95296,0.0,0.0,0.0,0.0,0.0
1756688362.05296,0.0,0.0,0.0,0.0,0.0
1756688362.15296,0.0,0.0,0.0,0.0,0.0
1756688362.25296,0.0,0.0,0.0,0.0,0.0
1756688362.35296,0.0,0.0,0.0,0.0,0.0
1756688362.45296,0.0,0.0,0.0,0.0,0.0
1756688362.552959,0.0,0.0,0.0,0.0,0.0
1756688362.652959,0.0,0.0,0.0,0.0,0.0
1756688362.752959,0.0,0.0,0.0,0.0,0.0
1756688362.852959,0.0,0.0,0.0,0.0,0.0
1756688362.952959,0.0,0.0,0.0,0.0,0.0
1756688363.052959,0.0,0.0,0.0,0.0,0.0
1756688363.152959,0.0,0.0,0.0,0.0,0.0
1756688363.252959,0.0,0.0,0.0,0.0,0.0
1756688363.352959,0.0,0.0,0.0,0.0,0.0
1756688363.452959,0.0,0.0,0.0,0.0,0.0
1756688363.552958,0.0,0.0,0.0,0.0,0.0
1756688363.652958,0.0,0.0,0.0,0.0,0.0
1756688363.752958,0.0,0.0,0.0,0.0,0.0
1756688363.852958,0.0,0.0,0.0,0.0,0.0
1756688363.952958,0.0,0.0,0.0,0.0,0.0
1756688364.052958,0.0,0.0,0.0,0.0,0.0
1756688364.152958,0.0,0.0,0.0,0.0,0.0
1756688364.252958,0.0,0.0,0.0,0.0,0.0
1756688364.352958,0.0,0.0,0.0,0.0,0.0
1756688364.452958,0.0,0.0,0.0,0.0,0.0
1756688364.552958,0.0,0.0,0.0,0.0,0.0
1756688364.652957,0.0,0.0,0.0,0.0,0.0
1756688364.752957,0.0,0.0,0.0,0.0,0.0
1756688364.852957,0.0,0.0,0.0,0.0,0.0
1756688364.952957,0.0,0.0,0.0,0.0,0.0
1756688365.052957,0.0,0.0,0.0,0.0,0.0
1756688365.152957,0.0,0.0,0.0,0.0,0.0
1756688365.252957,0.0,0.0,0.0,0.0,0.0
1756688365.352957,0.0,0.0,0.0,0.0,0.0
1756688365.452957,0.0,0.0,0.0,0.0,0.0
1756688365.552957,0.0,0.0,0.0,0.0,0.0
1756688365.652956,0.0,0.0,0.0,0.0,0.0
1756688365.752956,0.0,0.0,0.0,0.0,0.0
1756688365.852956,0.0,0.0,0.0,0.0,0.0
1756688365.952956,0.0,0.0,0.0,0.0,0.0
1756688366.052956,0.0,0.0,0.0,0.0,0.0
1756688366.152956,0.0,0.0,0.0,0.0,0.0
1756688366.252956,0.0,0.0,0.0,0.0,0.0
1756688366.352956,0.0,0.0,0.0,0.0,0.0
1756688366.452956,0.0,0.0,0.0,0.0,0.0
1756688366.552956,0.0,0.0,0.0,0.0,0.0
1756688366.652956,0.0,0.0,0.0,0.0,0.0
1756688366.752955,0.0,0.0,0.0,0.0,0.0
1756688366.852955,0.0,0.0,0.0,0.0,0.0
1756688366.952955,0.0,0.0,0.0,0.0,0.0
1756688367.052955,0.0,0.0,0.0,0.0,0.0
1756688367.152955,0.0,0.0,0.0,0.0,0.0
1756688367.252955,0.0,0.0,0.0,0.0,0.0
1756688367.352955,0.0,0.0,0.0,0.0,0.0
1756688367.452955,0.0,0.0,0.0,0.0,0.0
1756688367.552955,0.0,0.0,0.0,0.0,0.0
1756688367.652955,0.0,0.0,0.0,0.0,0.0
1756688367.752954,0.0,0.0,0.0,0.0,0.0
1756688367.852954,0.0,0.0,0.0,0.0,0.0
1756688367.952954,0.0,0.0,0.0,0.0,0.0
1756688368.052954,0.0,0.0,0.0,0.0,0.0
1756688368.152954,0.0,0.0,0.0,0.0,0.0
1756688368.252954,0.0,0.0,0.0,0.0,0.0
1756688368.352954,0.0,0.0,0.0,0.0,0.0
1756688368.452954,0.0,0.0,0.0,0.0,0.0
1756688368.552954,0.0,0.0,0.0,0.0,0.0
1756688368.652954,0.0,0.0,0.0,0.0,0.0
1756688368.752954,0.0,0.0,0.0,0.0,0.0
1756688368.852953,0.0,0.0,0.0,0.0,0.0
1756688368.952953,0.0,0.0,0.0,0.0,0.0
1756688369.052953,0.0,0.0,0.0,0.0,0.0
1756688369.152953,0.0,0.0,0.0,0.0,0.0
1756688369.252953,0.0,0.0,0.0,0.0,0.0
1756688369.352953,0.0,0.0,0.0,0.0,0.0
1756688369.452953,0.0,0.0,0.0,0.0,0.0
1756688369.552953,0.0,0.0,0.0,0.0,0.0
1756688369.652953,0.0,0.0,0.0,0.0,0.0
1756688369.752953,0.0,0.0,0.0,0.0,0.0
1756688369.852952,0.0,0.0,0.0,0.0,0.0
1756688369.952952,0.0,0.0,0.0,0.0,0.0
1756688370.052952,0.0,0.0,0.0,0.0,0.0
1756688370.152952,0.0,0.0,0.0,0.0,0.0
1756688370.252952,0.0,0.0,0.0,0.0,0.0
1756688370.352952,0.0,0.0,0.0,0.0,0.0
1756688370.452952,0.0,0.0,0.0,0.0,0.0
1756688370.552952,0.0,0.0,0.0,0.0,0.0
1756688370.652952,0.0,0.0,0.0,0.0,0.0
1756688370.752952,0.0,0.0,0.0,0.0,0.0
1756688370.852952,0.0,0.0,0.0,0.0,0.0
1756688370.952951,0.0,0.0,0.0,0.0,0.0
1756688371.052951,0.0,0.0,0.0,0.0,0.0
1756688371.152951,0.0,0.0,0.0,0.0,0.0
1756688371.252951,0.0,0.0,0.0,0.0,0.0
1756688371.352951,0.0,0.0,0.0,0.0,0.0
1756688371.452951,0.0,0.0,0.0,0.0,0.0
1756688371.552951,0.0,0.0,0.0,0.0,0.0
1756688371.652951,0.0,0.0,0.0,0.0,0.0
1756688371.752951,0.0,0.0,0.0,0.0,0.0
1756688371.852951,0.0,0.0,0.0,0.0,0.0
1756688371.95295,0.0,0.0,0.0,0.0,0.0
1756688372.05295,0.0,0.0,0.0,0.0,0.0
1756688372.15295,0.0,0.0,0.0,0.0,0.0
1756688372.25295,0.0,0.0,0.0,0.0,0.0
1756688372.35295,0.0,0.0,0.0,0.0,0.0
1756688372.45295,0.0,0.0,0.0,0.0,0.0
1756688372.55295,0.0,0.0,0.0,0.0,0.0
1756688372.65295,0.0,0.0,0.0,0.0,0.0
1756688372.75295,0.0,0.0,0.0,0.0,0.0
1756688372.85295,0.0,0.0,0.0,0.0,0.0
1756688372.95295,0.0,0.0,0.0,0.0,0.0
1756688373.052949,0.0,0.0,0.0,0.0,0.0
1756688373.152949,0.0,0.0,0.0,0.0,0.0
1756688373.252949,0.0,0.0,0.0,0.0,0.0
1756688373.352949,0.0,0.0,0.0,0.0,0.0
1756688373.452949,0.0,0.0,0.0,0.0,0.0
1756688373.552949,0.0,0.0,0.0,0.0,0.0
1756688373.652949,0.0,0.0,0.0,0.0,0.0
1756688373.752949,0.0,0.0,0.0,0.0,0.0
1756688373.852949,0.0,0.0,0.0,0.0,0.0
1756688373.952949,0.0,0.0,0.0,0.0,0.0
1756688374.052948,0.0,0.0,0.0,0.0,0.0
1756688374.152948,0.0,0.0,0.0,0.0,0.0
1756688374.252948,0.0,0.0,0.0,0.0,0.0
1756688374.352948,0.0,0.0,0.0,0.0,0.0
1756688374.452948,0.0,0.0,0.0,0.0,0.0
1756688374.552948,0.0,0.0,0.0,0.0,0.0
1756688374.652948,0.0,0.0,0.0,0.0,0.0
1756688374.752948,0.0,0.0,0.0,0.0,0.0
1756688374.852948,0.0,0.0,0.0,0.0,0.0
1756688374.952948,0.0,0.0,0.0,0.0,0.0
1756688375.052948,0.0,0.0,0.0,0.0,0.0
1756688375.152947,0.0,0.0,0.0,0.0,0.0
1756688375.252947,0.0,0.0,0.0,0.0,0.0
1756688375.352947,0.0,0.0,0.0,0.0,0.0
1756688375.452947,0.0,0.0,0.0,0.0,0.0
1756688375.552947,0.0,0.0,0.0,0.0,0.0
1756688375.652947,0.0,0.0,0.0,0.0,0.0
1756688375.752947,0.0,0.0,0.0,0.0,0.0
1756688375.852947,0.0,0.0,0.0,0.0,0.0
1756688375.952947,0.0,0.0,0.0,0.0,0.0
1756688376.052947,0.0,0.0,0.0,0.0,0.0
1756688376.152946,0.0,0.0,0.0,0.0,0.0
1756688376.252946,0.0,0.0,0.0,0.0,0.0
1756688376.352946,0.0,0.0,0.0,0.0,0.0
1756688376.452946,0.0,0.0,0.0,0.0,0.0
1756688376.552946,0.0,0.0,0.0,0.0,0.0
1756688376.652946,0.0,0.0,0.0,0.0,0.0
1756688376.752946,0.0,0.0,0.0,0.0,0.0
1756688376.852946,0.0,0.0,0.0,0.0,0.0
1756688376.952946,0.0,0.0,0.0,0.0,0.0
1756688377.052946,0.0,0.0,0.0,0.0,0.0
1756688377.152946,0.0,0.0,0.0,0.0,0.0
1756688377.252945,0.0,0.0,0.0,0.0,0.0
1756688377.352945,0.0,0.0,0.0,0.0,0.0
1756688377.452945,0.0,0.0,0.0,0.0,0.0
1756688377.552945,0.0,0.0,0.0,0.0,0.0
1756688377.652945,0.0,0.0,0.0,0.0,0.0
1756688377.752945,0.0,0.0,0.0,0.0,0.0
1756688377.852945,0.0,0.0,0.0,0.0,0.0
1756688377.952945,0.0,0.0,0.0,0.0,0.0
1756688378.052945,0.0,0.0,0.0,0.0,0.0
1756688378.152945,0.0,0.0,0.0,0.0,0.0
1756688378.252944,0.0,0.0,0.0,0.0,0.0
1756688378.352944,0.0,0.0,0.0,0.0,0.0
1756688378.452944,0.0,0.0,0.0,0.0,0.0
1756688378.552944,0.0,0.0,0.0,0.0,0.0
1756688378.652944,0.0,0.0,0.0,0.0,0.0
1756688378.752944,0.0,0.0,0.0,0.0,0.0
1756688378.852944,0.0,0.0,0.0,0.0,0.0
1756688378.952944,0.0,0.0,0.0,0.0,0.0
1756688379.052944,0.0,0.0,0.0,0.0,0.0
1756688379.152944,0.0,0.0,0.0,0.0,0.0
1756688379.252944,0.0,0.0,0.0,0.0,0.0
1756688379.352943,0.0,0.0,0.0,0.0,0.0
1756688379.452943,0.0,0.0,0.0,0.0,0.0
1756688379.552943,0.0,0.0,0.0,0.0,0.0
1756688379.652943,0.0,0.0,0.0,0.0,0.0
1756688379.752943,0.0,0.0,0.0,0.0,0.0
1756688379.852943,0.0,0.0,0.0,0.0,0.0
1756688379.952943,0.0,0.0,0.0,0.0,0.0
