timestamp,total_score,grade,diversity,shuffle,redundancy,survivability,energy,ip,port,route,restarts,alerts
2025-09-01T02:28:33.626353,54.35,F,0.00,58.33,57.00,100.00,62.79,0,0,0,0,0
2025-09-01T02:29:05.759638,54.34,F,0.00,58.33,57.00,100.00,62.74,0,0,0,0,0
2025-09-01T02:29:38.040103,54.35,F,0.00,58.33,57.00,100.00,62.86,0,0,0,0,0
2025-09-01T02:30:10.245889,54.34,F,0.00,58.33,57.00,100.00,62.76,0,0,0,0,0
2025-09-01T02:30:42.388836,54.36,F,0.00,58.33,57.00,100.00,62.94,0,0,0,0,0
2025-09-01T02:31:14.549020,54.36,F,0.00,58.33,57.00,100.00,62.93,0,0,0,0,0
2025-09-01T02:31:46.833408,54.35,F,0.00,58.33,57.00,100.00,62.82,0,0,0,0,0
2025-09-01T02:32:19.077646,54.35,F,0.00,58.33,57.00,100.00,62.80,0,0,0,0,0
2025-09-01T02:32:51.303920,54.36,F,0.00,58.33,57.00,100.00,62.93,0,0,0,0,0
