t,loss_pct,delay_ms,jitter_ms,dup_pct,rate_limit_mbps,dstPort,flowTag
0.0,0,0,0,0,0,5760,
0.1,0,0,0,0,0,5760,
0.2,0,0,0,0,0,5760,
0.3,0,0,0,0,0,5760,
0.4,0,0,0,0,0,5760,
0.5,0,0,0,0,0,5760,
0.6,0,0,0,0,0,5760,
0.7,0,0,0,0,0,5760,
0.8,0,0,0,0,0,5760,
0.9,0,0,0,0,0,5760,
1.0,0,0,0,0,0,5760,
1.1,0,0,0,0,0,5760,
1.2,0,0,0,0,0,5760,
1.3,0,0,0,0,0,5760,
1.4,0,0,0,0,0,5760,
1.5,0,0,0,0,0,5760,
1.6,0,0,0,0,0,5760,
1.7,0,0,0,0,0,5760,
1.8,0,0,0,0,0,5760,
1.9,0,0,0,0,0,5760,
2.0,0,0,0,0,0,5760,
2.1,0,0,0,0,0,5760,
2.2,0,0,0,0,0,5760,
2.3,0,0,0,0,0,5760,
2.4,0,0,0,0,0,5760,
2.5,0,0,0,0,0,5760,
2.6,0,0,0,0,0,5760,
2.7,0,0,0,0,0,5760,
2.8,0,0,0,0,0,5760,
2.9,0,0,0,0,0,5760,
3.0,0,0,0,0,0,5760,
3.1,0,0,0,0,0,5760,
3.2,0,0,0,0,0,5760,
3.3,0,0,0,0,0,5760,
3.4,0,0,0,0,0,5760,
3.5,0,0,0,0,0,5760,
3.6,0,0,0,0,0,5760,
3.7,0,0,0,0,0,5760,
3.8,0,0,0,0,0,5760,
3.9,0,0,0,0,0,5760,
4.0,0,0,0,0,0,5760,
4.1,0,0,0,0,0,5760,
4.2,0,0,0,0,0,5760,
4.3,0,0,0,0,0,5760,
4.4,0,0,0,0,0,5760,
4.5,0,0,0,0,0,5760,
4.6,0,0,0,0,0,5760,
4.7,0,0,0,0,0,5760,
4.8,0,0,0,0,0,5760,
4.9,0,0,0,0,0,5760,
5.0,0,0,0,0,0,5760,
5.1,0,0,0,0,0,5760,
5.2,0,0,0,0,0,5760,
5.3,0,0,0,0,0,5760,
5.4,0,0,0,0,0,5760,
5.5,0,0,0,0,0,5760,
5.6,0,0,0,0,0,5760,
5.7,0,0,0,0,0,5760,
5.8,0,0,0,0,0,5760,
5.9,0,0,0,0,0,5760,
6.0,0,0,0,0,0,5760,
6.1,0,0,0,0,0,5760,
6.2,0,0,0,0,0,5760,
6.3,0,0,0,0,0,5760,
6.4,0,0,0,0,0,5760,
6.5,0,0,0,0,0,5760,
6.6,0,0,0,0,0,5760,
6.7,0,0,0,0,0,5760,
6.8,0,0,0,0,0,5760,
6.9,0,0,0,0,0,5760,
7.0,0,0,0,0,0,5760,
7.1,0,0,0,0,0,5760,
7.2,0,0,0,0,0,5760,
7.3,0,0,0,0,0,5760,
7.4,0,0,0,0,0,5760,
7.5,0,0,0,0,0,5760,
7.6,0,0,0,0,0,5760,
7.7,0,0,0,0,0,5760,
7.8,0,0,0,0,0,5760,
7.9,0,0,0,0,0,5760,
8.0,0,0,0,0,0,5760,
8.1,0,0,0,0,0,5760,
8.2,0,0,0,0,0,5760,
8.3,0,0,0,0,0,5760,
8.4,0,0,0,0,0,5760,
8.5,0,0,0,0,0,5760,
8.6,0,0,0,0,0,5760,
8.7,0,0,0,0,0,5760,
8.8,0,0,0,0,0,5760,
8.9,0,0,0,0,0,5760,
9.0,0,0,0,0,0,5760,
9.1,0,0,0,0,0,5760,
9.2,0,0,0,0,0,5760,
9.3,0,0,0,0,0,5760,
9.4,0,0,0,0,0,5760,
9.5,0,0,0,0,0,5760,
9.6,0,0,0,0,0,5760,
9.7,0,0,0,0,0,5760,
9.8,0,0,0,0,0,5760,
9.9,0,0,0,0,0,5760,
10.0,0,0,0,0,0,5760,
10.1,0,0,0,0,0,5760,
10.2,0,0,0,0,0,5760,
10.3,0,0,0,0,0,5760,
10.4,0,0,0,0,0,5760,
10.5,0,0,0,0,0,5760,
10.6,0,0,0,0,0,5760,
10.7,0,0,0,0,0,5760,
10.8,0,0,0,0,0,5760,
10.9,0,0,0,0,0,5760,
11.0,0,0,0,0,0,5760,
11.1,0,0,0,0,0,5760,
11.2,0,0,0,0,0,5760,
11.3,0,0,0,0,0,5760,
11.4,0,0,0,0,0,5760,
11.5,0,0,0,0,0,5760,
11.6,0,0,0,0,0,5760,
11.7,0,0,0,0,0,5760,
11.8,0,0,0,0,0,5760,
11.9,0,0,0,0,0,5760,
12.0,0,0,0,0,0,5760,
12.1,0,0,0,0,0,5760,
12.2,0,0,0,0,0,5760,
12.3,0,0,0,0,0,5760,
12.4,0,0,0,0,0,5760,
12.5,0,0,0,0,0,5760,
12.6,0,0,0,0,0,5760,
12.7,0,0,0,0,0,5760,
12.8,0,0,0,0,0,5760,
12.9,0,0,0,0,0,5760,
13.0,0,0,0,0,0,5760,
13.1,0,0,0,0,0,5760,
13.2,0,0,0,0,0,5760,
13.3,0,0,0,0,0,5760,
13.4,0,0,0,0,0,5760,
13.5,0,0,0,0,0,5760,
13.6,0,0,0,0,0,5760,
13.7,0,0,0,0,0,5760,
13.8,0,0,0,0,0,5760,
13.9,0,0,0,0,0,5760,
14.0,0,0,0,0,0,5760,
14.1,0,0,0,0,0,5760,
14.2,0,0,0,0,0,5760,
14.3,0,0,0,0,0,5760,
14.4,0,0,0,0,0,5760,
14.5,0,0,0,0,0,5760,
14.6,0,0,0,0,0,5760,
14.7,0,0,0,0,0,5760,
14.8,0,0,0,0,0,5760,
14.9,0,0,0,0,0,5760,
15.0,0,0,0,0,0,5760,
15.1,0,0,0,0,0,5760,
15.2,0,0,0,0,0,5760,
15.3,0,0,0,0,0,5760,
15.4,0,0,0,0,0,5760,
15.5,0,0,0,0,0,5760,
15.6,0,0,0,0,0,5760,
15.7,0,0,0,0,0,5760,
15.8,0,0,0,0,0,5760,
15.9,0,0,0,0,0,5760,
16.0,0,0,0,0,0,5760,
16.1,0,0,0,0,0,5760,
16.2,0,0,0,0,0,5760,
16.3,0,0,0,0,0,5760,
16.4,0,0,0,0,0,5760,
16.5,0,0,0,0,0,5760,
16.6,0,0,0,0,0,5760,
16.7,0,0,0,0,0,5760,
16.8,0,0,0,0,0,5760,
16.9,0,0,0,0,0,5760,
17.0,0,0,0,0,0,5760,
17.1,0,0,0,0,0,5760,
17.2,0,0,0,0,0,5760,
17.3,0,0,0,0,0,5760,
17.4,0,0,0,0,0,5760,
17.5,0,0,0,0,0,5760,
17.6,0,0,0,0,0,5760,
17.7,0,0,0,0,0,5760,
17.8,0,0,0,0,0,5760,
17.9,0,0,0,0,0,5760,
18.0,0,0,0,0,0,5760,
18.1,0,0,0,0,0,5760,
18.2,0,0,0,0,0,5760,
18.3,0,0,0,0,0,5760,
18.4,0,0,0,0,0,5760,
18.5,0,0,0,0,0,5760,
18.6,0,0,0,0,0,5760,
18.7,0,0,0,0,0,5760,
18.8,0,0,0,0,0,5760,
18.9,0,0,0,0,0,5760,
19.0,0,0,0,0,0,5760,
19.1,0,0,0,0,0,5760,
19.2,0,0,0,0,0,5760,
19.3,0,0,0,0,0,5760,
19.4,0,0,0,0,0,5760,
19.5,0,0,0,0,0,5760,
19.6,0,0,0,0,0,5760,
19.7,0,0,0,0,0,5760,
19.8,0,0,0,0,0,5760,
19.9,0,0,0,0,0,5760,
20.0,0,0,0,0,0,5760,
20.1,0,0,0,0,0,5760,
20.2,0,0,0,0,0,5760,
20.3,0,0,0,0,0,5760,
20.4,0,0,0,0,0,5760,
20.5,0,0,0,0,0,5760,
20.6,0,0,0,0,0,5760,
20.7,0,0,0,0,0,5760,
20.8,0,0,0,0,0,5760,
20.9,0,0,0,0,0,5760,
21.0,0,0,0,0,0,5760,
21.1,0,0,0,0,0,5760,
21.2,0,0,0,0,0,5760,
21.3,0,0,0,0,0,5760,
21.4,0,0,0,0,0,5760,
21.5,0,0,0,0,0,5760,
21.6,0,0,0,0,0,5760,
21.7,0,0,0,0,0,5760,
21.8,0,0,0,0,0,5760,
21.9,0,0,0,0,0,5760,
22.0,0,0,0,0,0,5760,
22.1,0,0,0,0,0,5760,
22.2,0,0,0,0,0,5760,
22.3,0,0,0,0,0,5760,
22.4,0,0,0,0,0,5760,
22.5,0,0,0,0,0,5760,
22.6,0,0,0,0,0,5760,
22.7,0,0,0,0,0,5760,
22.8,0,0,0,0,0,5760,
22.9,0,0,0,0,0,5760,
23.0,0,0,0,0,0,5760,
23.1,0,0,0,0,0,5760,
23.2,0,0,0,0,0,5760,
23.3,0,0,0,0,0,5760,
23.4,0,0,0,0,0,5760,
23.5,0,0,0,0,0,5760,
23.6,0,0,0,0,0,5760,
23.7,0,0,0,0,0,5760,
23.8,0,0,0,0,0,5760,
23.9,0,0,0,0,0,5760,
24.0,0,0,0,0,0,5760,
24.1,0,0,0,0,0,5760,
24.2,0,0,0,0,0,5760,
24.3,0,0,0,0,0,5760,
24.4,0,0,0,0,0,5760,
24.5,0,0,0,0,0,5760,
24.6,0,0,0,0,0,5760,
24.7,0,0,0,0,0,5760,
24.8,0,0,0,0,0,5760,
24.9,0,0,0,0,0,5760,
25.0,0,0,0,0,0,5760,
25.1,0,0,0,0,0,5760,
25.2,0,0,0,0,0,5760,
25.3,0,0,0,0,0,5760,
25.4,0,0,0,0,0,5760,
25.5,0,0,0,0,0,5760,
25.6,0,0,0,0,0,5760,
25.7,0,0,0,0,0,5760,
25.8,0,0,0,0,0,5760,
25.9,0,0,0,0,0,5760,
26.0,0,0,0,0,0,5760,
26.1,0,0,0,0,0,5760,
26.2,0,0,0,0,0,5760,
26.3,0,0,0,0,0,5760,
26.4,0,0,0,0,0,5760,
26.5,0,0,0,0,0,5760,
26.6,0,0,0,0,0,5760,
26.7,0,0,0,0,0,5760,
26.8,0,0,0,0,0,5760,
26.9,0,0,0,0,0,5760,
27.0,0,0,0,0,0,5760,
27.1,0,0,0,0,0,5760,
27.2,0,0,0,0,0,5760,
27.3,0,0,0,0,0,5760,
27.4,0,0,0,0,0,5760,
27.5,0,0,0,0,0,5760,
27.6,0,0,0,0,0,5760,
27.7,0,0,0,0,0,5760,
27.8,0,0,0,0,0,5760,
27.9,0,0,0,0,0,5760,
28.0,0,0,0,0,0,5760,
28.1,0,0,0,0,0,5760,
28.2,0,0,0,0,0,5760,
28.3,0,0,0,0,0,5760,
28.4,0,0,0,0,0,5760,
28.5,0,0,0,0,0,5760,
28.6,0,0,0,0,0,5760,
28.7,0,0,0,0,0,5760,
28.8,0,0,0,0,0,5760,
28.9,0,0,0,0,0,5760,
29.0,0,0,0,0,0,5760,
29.1,0,0,0,0,0,5760,
29.2,0,0,0,0,0,5760,
29.3,0,0,0,0,0,5760,
29.4,0,0,0,0,0,5760,
29.5,0,0,0,0,0,5760,
29.6,0,0,0,0,0,5760,
29.7,0,0,0,0,0,5760,
29.8,0,0,0,0,0,5760,
29.9,0,0,0,0,0,5760,
30.0,0,0,0,0,0,5760,
30.1,0,0,0,0,0,5760,
30.2,0,0,0,0,0,5760,
30.3,0,0,0,0,0,5760,
30.4,0,0,0,0,0,5760,
30.5,0,0,0,0,0,5760,
30.6,0,0,0,0,0,5760,
30.7,0,0,0,0,0,5760,
30.8,0,0,0,0,0,5760,
30.9,0,0,0,0,0,5760,
31.0,0,0,0,0,0,5760,
31.1,0,0,0,0,0,5760,
31.2,0,0,0,0,0,5760,
31.3,0,0,0,0,0,5760,
31.4,0,0,0,0,0,5760,
31.5,0,0,0,0,0,5760,
31.6,0,0,0,0,0,5760,
31.7,0,0,0,0,0,5760,
31.8,0,0,0,0,0,5760,
31.9,0,0,0,0,0,5760,
32.0,0,0,0,0,0,5760,
32.1,0,0,0,0,0,5760,
32.2,0,0,0,0,0,5760,
32.3,0,0,0,0,0,5760,
32.4,0,0,0,0,0,5760,
32.5,0,0,0,0,0,5760,
32.6,0,0,0,0,0,5760,
32.7,0,0,0,0,0,5760,
32.8,0,0,0,0,0,5760,
32.9,0,0,0,0,0,5760,
33.0,0,0,0,0,0,5760,
33.1,0,0,0,0,0,5760,
33.2,0,0,0,0,0,5760,
33.3,0,0,0,0,0,5760,
33.4,0,0,0,0,0,5760,
33.5,0,0,0,0,0,5760,
33.6,0,0,0,0,0,5760,
33.7,0,0,0,0,0,5760,
33.8,0,0,0,0,0,5760,
33.9,0,0,0,0,0,5760,
34.0,0,0,0,0,0,5760,
34.1,0,0,0,0,0,5760,
34.2,0,0,0,0,0,5760,
34.3,0,0,0,0,0,5760,
34.4,0,0,0,0,0,5760,
34.5,0,0,0,0,0,5760,
34.6,0,0,0,0,0,5760,
34.7,0,0,0,0,0,5760,
34.8,0,0,0,0,0,5760,
34.9,0,0,0,0,0,5760,
35.0,0,0,0,0,0,5760,
35.1,0,0,0,0,0,5760,
35.2,0,0,0,0,0,5760,
35.3,0,0,0,0,0,5760,
35.4,0,0,0,0,0,5760,
35.5,0,0,0,0,0,5760,
35.6,0,0,0,0,0,5760,
35.7,0,0,0,0,0,5760,
35.8,0,0,0,0,0,5760,
35.9,0,0,0,0,0,5760,
36.0,0,0,0,0,0,5760,
36.1,0,0,0,0,0,5760,
36.2,0,0,0,0,0,5760,
36.3,0,0,0,0,0,5760,
36.4,0,0,0,0,0,5760,
36.5,0,0,0,0,0,5760,
36.6,0,0,0,0,0,5760,
36.7,0,0,0,0,0,5760,
36.8,0,0,0,0,0,5760,
36.9,0,0,0,0,0,5760,
37.0,0,0,0,0,0,5760,
37.1,0,0,0,0,0,5760,
37.2,0,0,0,0,0,5760,
37.3,0,0,0,0,0,5760,
37.4,0,0,0,0,0,5760,
37.5,0,0,0,0,0,5760,
37.6,0,0,0,0,0,5760,
37.7,0,0,0,0,0,5760,
37.8,0,0,0,0,0,5760,
37.9,0,0,0,0,0,5760,
38.0,0,0,0,0,0,5760,
38.1,0,0,0,0,0,5760,
38.2,0,0,0,0,0,5760,
38.3,0,0,0,0,0,5760,
38.4,0,0,0,0,0,5760,
38.5,0,0,0,0,0,5760,
38.6,0,0,0,0,0,5760,
38.7,0,0,0,0,0,5760,
38.8,0,0,0,0,0,5760,
38.9,0,0,0,0,0,5760,
39.0,0,0,0,0,0,5760,
39.1,0,0,0,0,0,5760,
39.2,0,0,0,0,0,5760,
39.3,0,0,0,0,0,5760,
39.4,0,0,0,0,0,5760,
39.5,0,0,0,0,0,5760,
39.6,0,0,0,0,0,5760,
39.7,0,0,0,0,0,5760,
39.8,0,0,0,0,0,5760,
39.9,0,0,0,0,0,5760,
40.0,0,0,0,0,0,5760,
40.1,0,0,0,0,0,5760,
40.2,0,0,0,0,0,5760,
40.3,0,0,0,0,0,5760,
40.4,0,0,0,0,0,5760,
40.5,0,0,0,0,0,5760,
40.6,0,0,0,0,0,5760,
40.7,0,0,0,0,0,5760,
40.8,0,0,0,0,0,5760,
40.9,0,0,0,0,0,5760,
41.0,0,0,0,0,0,5760,
41.1,0,0,0,0,0,5760,
41.2,0,0,0,0,0,5760,
41.3,0,0,0,0,0,5760,
41.4,0,0,0,0,0,5760,
41.5,0,0,0,0,0,5760,
41.6,0,0,0,0,0,5760,
41.7,0,0,0,0,0,5760,
41.8,0,0,0,0,0,5760,
41.9,0,0,0,0,0,5760,
42.0,0,0,0,0,0,5760,
42.1,0,0,0,0,0,5760,
42.2,0,0,0,0,0,5760,
42.3,0,0,0,0,0,5760,
42.4,0,0,0,0,0,5760,
42.5,0,0,0,0,0,5760,
42.6,0,0,0,0,0,5760,
42.7,0,0,0,0,0,5760,
42.8,0,0,0,0,0,5760,
42.9,0,0,0,0,0,5760,
43.0,0,0,0,0,0,5760,
43.1,0,0,0,0,0,5760,
43.2,0,0,0,0,0,5760,
43.3,0,0,0,0,0,5760,
43.4,0,0,0,0,0,5760,
43.5,0,0,0,0,0,5760,
43.6,0,0,0,0,0,5760,
43.7,0,0,0,0,0,5760,
43.8,0,0,0,0,0,5760,
43.9,0,0,0,0,0,5760,
44.0,0,0,0,0,0,5760,
44.1,0,0,0,0,0,5760,
44.2,0,0,0,0,0,5760,
44.3,0,0,0,0,0,5760,
44.4,0,0,0,0,0,5760,
44.5,0,0,0,0,0,5760,
44.6,0,0,0,0,0,5760,
44.7,0,0,0,0,0,5760,
44.8,0,0,0,0,0,5760,
44.9,0,0,0,0,0,5760,
45.0,0,0,0,0,0,5760,
45.1,0,0,0,0,0,5760,
45.2,0,0,0,0,0,5760,
45.3,0,0,0,0,0,5760,
45.4,0,0,0,0,0,5760,
45.5,0,0,0,0,0,5760,
45.6,0,0,0,0,0,5760,
45.7,0,0,0,0,0,5760,
45.8,0,0,0,0,0,5760,
45.9,0,0,0,0,0,5760,
46.0,0,0,0,0,0,5760,
46.1,0,0,0,0,0,5760,
46.2,0,0,0,0,0,5760,
46.3,0,0,0,0,0,5760,
46.4,0,0,0,0,0,5760,
46.5,0,0,0,0,0,5760,
46.6,0,0,0,0,0,5760,
46.7,0,0,0,0,0,5760,
46.8,0,0,0,0,0,5760,
46.9,0,0,0,0,0,5760,
47.0,0,0,0,0,0,5760,
47.1,0,0,0,0,0,5760,
47.2,0,0,0,0,0,5760,
47.3,0,0,0,0,0,5760,
47.4,0,0,0,0,0,5760,
47.5,0,0,0,0,0,5760,
47.6,0,0,0,0,0,5760,
47.7,0,0,0,0,0,5760,
47.8,0,0,0,0,0,5760,
47.9,0,0,0,0,0,5760,
48.0,0,0,0,0,0,5760,
48.1,0,0,0,0,0,5760,
48.2,0,0,0,0,0,5760,
48.3,0,0,0,0,0,5760,
48.4,0,0,0,0,0,5760,
48.5,0,0,0,0,0,5760,
48.6,0,0,0,0,0,5760,
48.7,0,0,0,0,0,5760,
48.8,0,0,0,0,0,5760,
48.9,0,0,0,0,0,5760,
49.0,0,0,0,0,0,5760,
49.1,0,0,0,0,0,5760,
49.2,0,0,0,0,0,5760,
49.3,0,0,0,0,0,5760,
49.4,0,0,0,0,0,5760,
49.5,0,0,0,0,0,5760,
49.6,0,0,0,0,0,5760,
49.7,0,0,0,0,0,5760,
49.8,0,0,0,0,0,5760,
49.9,0,0,0,0,0,5760,
50.0,0,0,0,0,0,5760,
50.1,0,0,0,0,0,5760,
50.2,0,0,0,0,0,5760,
50.3,0,0,0,0,0,5760,
50.4,0,0,0,0,0,5760,
50.5,0,0,0,0,0,5760,
50.6,0,0,0,0,0,5760,
50.7,0,0,0,0,0,5760,
50.8,0,0,0,0,0,5760,
50.9,0,0,0,0,0,5760,
51.0,0,0,0,0,0,5760,
51.1,0,0,0,0,0,5760,
51.2,0,0,0,0,0,5760,
51.3,0,0,0,0,0,5760,
51.4,0,0,0,0,0,5760,
51.5,0,0,0,0,0,5760,
51.6,0,0,0,0,0,5760,
51.7,0,0,0,0,0,5760,
51.8,0,0,0,0,0,5760,
51.9,0,0,0,0,0,5760,
52.0,0,0,0,0,0,5760,
52.1,0,0,0,0,0,5760,
52.2,0,0,0,0,0,5760,
52.3,0,0,0,0,0,5760,
52.4,0,0,0,0,0,5760,
52.5,0,0,0,0,0,5760,
52.6,0,0,0,0,0,5760,
52.7,0,0,0,0,0,5760,
52.8,0,0,0,0,0,5760,
52.9,0,0,0,0,0,5760,
53.0,0,0,0,0,0,5760,
53.1,0,0,0,0,0,5760,
53.2,0,0,0,0,0,5760,
53.3,0,0,0,0,0,5760,
53.4,0,0,0,0,0,5760,
53.5,0,0,0,0,0,5760,
53.6,0,0,0,0,0,5760,
53.7,0,0,0,0,0,5760,
53.8,0,0,0,0,0,5760,
53.9,0,0,0,0,0,5760,
54.0,0,0,0,0,0,5760,
54.1,0,0,0,0,0,5760,
54.2,0,0,0,0,0,5760,
54.3,0,0,0,0,0,5760,
54.4,0,0,0,0,0,5760,
54.5,0,0,0,0,0,5760,
54.6,0,0,0,0,0,5760,
54.7,0,0,0,0,0,5760,
54.8,0,0,0,0,0,5760,
54.9,0,0,0,0,0,5760,
55.0,0,0,0,0,0,5760,
55.1,0,0,0,0,0,5760,
55.2,0,0,0,0,0,5760,
55.3,0,0,0,0,0,5760,
55.4,0,0,0,0,0,5760,
55.5,0,0,0,0,0,5760,
55.6,0,0,0,0,0,5760,
55.7,0,0,0,0,0,5760,
55.8,0,0,0,0,0,5760,
55.9,0,0,0,0,0,5760,
56.0,0,0,0,0,0,5760,
56.1,0,0,0,0,0,5760,
56.2,0,0,0,0,0,5760,
56.3,0,0,0,0,0,5760,
56.4,0,0,0,0,0,5760,
56.5,0,0,0,0,0,5760,
56.6,0,0,0,0,0,5760,
56.7,0,0,0,0,0,5760,
56.8,0,0,0,0,0,5760,
56.9,0,0,0,0,0,5760,
57.0,0,0,0,0,0,5760,
57.1,0,0,0,0,0,5760,
57.2,0,0,0,0,0,5760,
57.3,0,0,0,0,0,5760,
57.4,0,0,0,0,0,5760,
57.5,0,0,0,0,0,5760,
57.6,0,0,0,0,0,5760,
57.7,0,0,0,0,0,5760,
57.8,0,0,0,0,0,5760,
57.9,0,0,0,0,0,5760,
58.0,0,0,0,0,0,5760,
58.1,0,0,0,0,0,5760,
58.2,0,0,0,0,0,5760,
58.3,0,0,0,0,0,5760,
58.4,0,0,0,0,0,5760,
58.5,0,0,0,0,0,5760,
58.6,0,0,0,0,0,5760,
58.7,0,0,0,0,0,5760,
58.8,0,0,0,0,0,5760,
58.9,0,0,0,0,0,5760,
59.0,0,0,0,0,0,5760,
59.1,0,0,0,0,0,5760,
59.2,0,0,0,0,0,5760,
59.3,0,0,0,0,0,5760,
59.4,0,0,0,0,0,5760,
59.5,0,0,0,0,0,5760,
59.6,0,0,0,0,0,5760,
59.7,0,0,0,0,0,5760,
59.8,0,0,0,0,0,5760,
59.9,0,0,0,0,0,5760,
60.0,0,0,0,0,0,5760,
60.1,0,0,0,0,0,5760,
